<?xml version="1.0" encoding="UTF-8" standalone="yes"?>
<CodeList xmlns="http://docs.oasis-open.org/codelist/ns/genericode/1.0/">
	<Identification>
		<ShortName>InvoiceBaseType</ShortName>
		<Version></Version>
		<CanonicalUri></CanonicalUri>
		<CanonicalVersionUri></CanonicalVersionUri>
	</Identification>
	<ColumnSet>
		<Column Id="code" Use="required">
			<ShortName>Code</ShortName>
			<Data Type="string"/>
		</Column>
		<Column Id="name" Use="optional">
			<ShortName>Name</ShortName>
			<Data Type="string"/>
		</Column>
		<Key Id="codeKey">
			<ShortName>CodeKey</ShortName>
			<ColumnRef Ref="code"/>
		</Key>
	</ColumnSet>
	<SimpleCodeList>
		<Row>
			<Annotation>
				<Description xml:lang="en"/>
			</Annotation>
			<Value ColumnRef="code">
				<SimpleValue>CC</SimpleValue>
			</Value>
			<Value ColumnRef="name">
				<SimpleValue>Kod towaru przemysłowego</SimpleValue>
			UWAGA: Industry?
			</Value>
		</Row>
		<Row>
			<Annotation>
				<Description xml:lang="en"/>
			</Annotation>
			<Value ColumnRef="code">
				<SimpleValue>EF</SimpleValue>
			</Value>
			<Value ColumnRef="name">
				<SimpleValue>Kod materiałowy</SimpleValue>
			</Value>
		</Row>
		<Row>
			<Annotation>
				<Description xml:lang="en"/>
			</Annotation>
			<Value ColumnRef="code">
				<SimpleValue>GB</SimpleValue>
			</Value>
			<Value ColumnRef="name">
				<SimpleValue>Kod wewnętrznej grupy produktów nabywcy</SimpleValue>
			</Value>
		</Row>
		<Row>
			<Annotation>
				<Description xml:lang="en"/>
			</Annotation>
			<Value ColumnRef="code">
				<SimpleValue>HS</SimpleValue>
			</Value>
			<Value ColumnRef="name">
				<SimpleValue>Zharmonizowany System/INTRASTAT</SimpleValue>
			</Value>
		</Row>
		
		<Row>
			<Annotation>
				<Description xml:lang="en"/>
			</Annotation>
			<Value ColumnRef="code">
				<SimpleValue>MP</SimpleValue>
			</Value>
			<Value ColumnRef="name">
				<SimpleValue>Produkt/numer identyfikacyjny PRODUKTÓW I usług/UNSPSC</SimpleValue>
			</Value>
		</Row>
		
		<Row>
			<Annotation>
				<Description xml:lang="en"/>
			</Annotation>
			<Value ColumnRef="code">
				<SimpleValue>SSO</SimpleValue>
			</Value>
			<Value ColumnRef="name">
				<SimpleValue>Lista towarów niebezpiecznych ONZ</SimpleValue>
			</Value>
		</Row>
		
		<Row>
			<Annotation>
				<Description xml:lang="en"/>
			</Annotation>
			<Value ColumnRef="code">
				<SimpleValue>STI</SimpleValue>
			</Value>
			<Value ColumnRef="name">
				<SimpleValue>CPV</SimpleValue>
			</Value>
		</Row>
		
		<Row>
			<Annotation>
				<Description xml:lang="en"/>
			</Annotation>
			<Value ColumnRef="code">
				<SimpleValue>STQ</SimpleValue>
			</Value>
			<Value ColumnRef="name">
				<SimpleValue>eCl@ss</SimpleValue>
			</Value>
		</Row>
		
		<Row>
			<Annotation>
				<Description xml:lang="en"/>
			</Annotation>
			<Value ColumnRef="code">
				<SimpleValue>TSP</SimpleValue>
			</Value>
			<Value ColumnRef="name">
				<SimpleValue>Nomenklatura Scalona UE</SimpleValue>
			</Value>
		</Row>
		
		<Row>
			<Annotation>
				<Description xml:lang="en"/>
			</Annotation>
			<Value ColumnRef="code">
				<SimpleValue>ZZZ</SimpleValue>
			</Value>
			<Value ColumnRef="name">
				<SimpleValue>Wzajemnie zdefiniowane</SimpleValue>
			</Value>
		</Row>
		
		
	</SimpleCodeList>
</CodeList>
