<?xml version="1.0" encoding="UTF-8" standalone="yes"?>
<CodeList xmlns="http://docs.oasis-open.org/codelist/ns/genericode/1.0/">
	<Identification>
		<ShortName>UNCL1001</ShortName>
		<Version></Version>
		<CanonicalUri></CanonicalUri>
		<CanonicalVersionUri></CanonicalVersionUri>
	</Identification>
	<ColumnSet>
		<Column Id="code" Use="required">
			<ShortName>Code</ShortName>
			<Data Type="string"/>
		</Column>
		<Column Id="name" Use="optional">
			<ShortName>Name</ShortName>
			<Data Type="string"/>
		</Column>
		<Key Id="codeKey">
			<ShortName>CodeKey</ShortName>
			<ColumnRef Ref="code"/>
		</Key>
	</ColumnSet>
	<SimpleCodeList>
		<Row>
			
			<Value ColumnRef="code">
				<SimpleValue>Invoice</SimpleValue>
			</Value>
			<Value ColumnRef="name">
				<SimpleValue>Faktura</SimpleValue>
			</Value>
		</Row>
		<Row>
			
			<Value ColumnRef="code">
				<SimpleValue>CreditNote</SimpleValue>
			</Value>
			<Value ColumnRef="name">
				<SimpleValue>Kreditnota</SimpleValue>
			</Value>
		</Row>
	</SimpleCodeList>
</CodeList>
