<?xml version="1.0" encoding="UTF-8" standalone="yes"?>
<CodeList xmlns="http://docs.oasis-open.org/codelist/ns/genericode/1.0/">
	<Identification>
		<ShortName>VATEX</ShortName>
		<Version></Version>
		<CanonicalUri></CanonicalUri>
		<CanonicalVersionUri></CanonicalVersionUri>
	</Identification>
	<ColumnSet>
		<Column Id="code" Use="required">
			<ShortName>Code</ShortName>
			<Data Type="string"/>
		</Column>
		<Column Id="name" Use="optional">
			<ShortName>Name</ShortName>
			<Data Type="string"/>
		</Column>
		<Key Id="codeKey">
			<ShortName>CodeKey</ShortName>
			<ColumnRef Ref="code"/>
		</Key>
	</ColumnSet>
	<SimpleCodeList>
		<Row>
			<Value ColumnRef="code">
				<SimpleValue>VATEX-EU-79-C</SimpleValue>
			</Value>
			<Value ColumnRef="name">
				<SimpleValue>Exempt based on article 79, point c of Council Directive 2006/112/EC</SimpleValue>
			</Value>
		</Row>
		<Row>
			<Value ColumnRef="code">
				<SimpleValue>VATEX-EU-132</SimpleValue>
			</Value>
			<Value ColumnRef="name">
				<SimpleValue>Exempt based on article 132 of Council Directive 2006/112/EC</SimpleValue>
			</Value>
		</Row>
		<Row>
			<Value ColumnRef="code">
				<SimpleValue>VATEX-EU-132-1A</SimpleValue>
			</Value>
			<Value ColumnRef="name">
				<SimpleValue>Exempt based on article 132, section 1 (a) of Council Directive 2006/112/EC</SimpleValue>
			</Value>
		</Row>
		<Row>
			<Value ColumnRef="code">
				<SimpleValue>VATEX-EU-132-1B</SimpleValue>
			</Value>
			<Value ColumnRef="name">
				<SimpleValue>Exempt based on article 132, section 1 (b) of Council Directive 2006/112/EC</SimpleValue>
			</Value>
		</Row>
		<Row>
			<Value ColumnRef="code">
				<SimpleValue>VATEX-EU-132-1C</SimpleValue>
			</Value>
			<Value ColumnRef="name">
				<SimpleValue>Exempt based on article 132, section 1 (c) of Council Directive 2006/112/EC</SimpleValue>
			</Value>
		</Row>
		<Row>
			<Value ColumnRef="code">
				<SimpleValue>VATEX-EU-132-1D</SimpleValue>
			</Value>
			<Value ColumnRef="name">
				<SimpleValue>Exempt based on article 132, section 1 (d) of Council Directive 2006/112/EC</SimpleValue>
			</Value>
		</Row>
		<Row>
			<Value ColumnRef="code">
				<SimpleValue>VATEX-EU-132-1E</SimpleValue>
			</Value>
			<Value ColumnRef="name">
				<SimpleValue>Exempt based on article 132, section 1 (e) of Council Directive 2006/112/EC</SimpleValue>
			</Value>
		</Row>
		<Row>
			<Value ColumnRef="code">
				<SimpleValue>VATEX-EU-132-1F</SimpleValue>
			</Value>
			<Value ColumnRef="name">
				<SimpleValue>Exempt based on article 132, section 1 (f) of Council Directive 2006/112/EC</SimpleValue>
			</Value>
		</Row>
		<Row>
			<Value ColumnRef="code">
				<SimpleValue>VATEX-EU-132-1G</SimpleValue>
			</Value>
			<Value ColumnRef="name">
				<SimpleValue>Exempt based on article 132, section 1 (g) of Council Directive 2006/112/EC</SimpleValue>
			</Value>
		</Row>
		<Row>
			<Value ColumnRef="code">
				<SimpleValue>VATEX-EU-132-1H</SimpleValue>
			</Value>
			<Value ColumnRef="name">
				<SimpleValue>Exempt based on article 132, section 1 (h) of Council Directive 2006/112/EC</SimpleValue>
			</Value>
		</Row>
		<Row>
			<Value ColumnRef="code">
				<SimpleValue>VATEX-EU-132-1I</SimpleValue>
			</Value>
			<Value ColumnRef="name">
				<SimpleValue>Exempt based on article 132, section 1 (i) of Council Directive 2006/112/EC</SimpleValue>
			</Value>
		</Row>
		<Row>
			<Value ColumnRef="code">
				<SimpleValue>VATEX-EU-132-1J</SimpleValue>
			</Value>
			<Value ColumnRef="name">
				<SimpleValue>Exempt based on article 132, section 1 (j) of Council Directive 2006/112/EC</SimpleValue>
			</Value>
		</Row>
		<Row>
			<Value ColumnRef="code">
				<SimpleValue>VATEX-EU-132-1K</SimpleValue>
			</Value>
			<Value ColumnRef="name">
				<SimpleValue>Exempt based on article 132, section 1 (k) of Council Directive 2006/112/EC</SimpleValue>
			</Value>
		</Row>
		<Row>
			<Value ColumnRef="code">
				<SimpleValue>VATEX-EU-132-1L</SimpleValue>
			</Value>
			<Value ColumnRef="name">
				<SimpleValue>Exempt based on article 132, section 1 (l) of Council Directive 2006/112/EC</SimpleValue>
			</Value>
		</Row>
		<Row>
			<Value ColumnRef="code">
				<SimpleValue>VATEX-EU-132-1M</SimpleValue>
			</Value>
			<Value ColumnRef="name">
				<SimpleValue>Exempt based on article 132, section 1 (m) of Council Directive 2006/112/EC</SimpleValue>
			</Value>
		</Row>
		<Row>
			<Value ColumnRef="code">
				<SimpleValue>VATEX-EU-132-1N</SimpleValue>
			</Value>
			<Value ColumnRef="name">
				<SimpleValue>Exempt based on article 132, section 1 (n) of Council Directive 2006/112/EC</SimpleValue>
			</Value>
		</Row>
		<Row>
			<Value ColumnRef="code">
				<SimpleValue>VATEX-EU-132-1O</SimpleValue>
			</Value>
			<Value ColumnRef="name">
				<SimpleValue>Exempt based on article 132, section 1 (o) of Council Directive 2006/112/EC</SimpleValue>
			</Value>
		</Row>
		<Row>
			<Value ColumnRef="code">
				<SimpleValue>VATEX-EU-132-1P</SimpleValue>
			</Value>
			<Value ColumnRef="name">
				<SimpleValue>Exempt based on article 132, section 1 (p) of Council Directive 2006/112/EC</SimpleValue>
			</Value>
		</Row>
		<Row>
			<Value ColumnRef="code">
				<SimpleValue>VATEX-EU-132-1Q</SimpleValue>
			</Value>
			<Value ColumnRef="name">
				<SimpleValue>Exempt based on article 132, section 1 (q) of Council Directive 2006/112/EC</SimpleValue>
			</Value>
		</Row>
		<Row>
			<Value ColumnRef="code">
				<SimpleValue>VATEX-EU-143</SimpleValue>
			</Value>
			<Value ColumnRef="name">
				<SimpleValue>Exempt based on article 143 of Council Directive 2006/112/EC</SimpleValue>
			</Value>
		</Row>
		<Row>
			<Value ColumnRef="code">
				<SimpleValue>VATEX-EU-143-1A</SimpleValue>
			</Value>
			<Value ColumnRef="name">
				<SimpleValue>Exempt based on article 143, section 1 (a) of Council Directive 2006/112/EC</SimpleValue>
			</Value>
		</Row>
		<Row>
			<Value ColumnRef="code">
				<SimpleValue>VATEX-EU-143-1B</SimpleValue>
			</Value>
			<Value ColumnRef="name">
				<SimpleValue>Exempt based on article 143, section 1 (b) of Council Directive 2006/112/EC</SimpleValue>
			</Value>
		</Row>
		<Row>
			<Value ColumnRef="code">
				<SimpleValue>VATEX-EU-143-1C</SimpleValue>
			</Value>
			<Value ColumnRef="name">
				<SimpleValue>Exempt based on article 143, section 1 (c) of Council Directive 2006/112/EC</SimpleValue>
			</Value>
		</Row>
		<Row>
			<Value ColumnRef="code">
				<SimpleValue>VATEX-EU-143-1D</SimpleValue>
			</Value>
			<Value ColumnRef="name">
				<SimpleValue>Exempt based on article 143, section 1 (d) of Council Directive 2006/112/EC</SimpleValue>
			</Value>
		</Row>
		<Row>
			<Value ColumnRef="code">
				<SimpleValue>VATEX-EU-143-1E</SimpleValue>
			</Value>
			<Value ColumnRef="name">
				<SimpleValue>Exempt based on article 143, section 1 (e) of Council Directive 2006/112/EC</SimpleValue>
			</Value>
		</Row>
		<Row>
			<Value ColumnRef="code">
				<SimpleValue>VATEX-EU-143-1F</SimpleValue>
			</Value>
			<Value ColumnRef="name">
				<SimpleValue>Exempt based on article 143, section 1 (f) of Council Directive 2006/112/EC</SimpleValue>
			</Value>
		</Row>
		<Row>
			<Value ColumnRef="code">
				<SimpleValue>VATEX-EU-143-1FA</SimpleValue>
			</Value>
			<Value ColumnRef="name">
				<SimpleValue>Exempt based on article 143, section 1 (fa) of Council Directive 2006/112/EC</SimpleValue>
			</Value>
		</Row>
		<Row>
			<Value ColumnRef="code">
				<SimpleValue>VATEX-EU-143-1G</SimpleValue>
			</Value>
			<Value ColumnRef="name">
				<SimpleValue>Exempt based on article 143, section 1 (g) of Council Directive 2006/112/EC</SimpleValue>
			</Value>
		</Row>
		<Row>
			<Value ColumnRef="code">
				<SimpleValue>VATEX-EU-143-1H</SimpleValue>
			</Value>
			<Value ColumnRef="name">
				<SimpleValue>Exempt based on article 143, section 1 (h) of Council Directive 2006/112/EC</SimpleValue>
			</Value>
		</Row>
		<Row>
			<Value ColumnRef="code">
				<SimpleValue>VATEX-EU-143-1I</SimpleValue>
			</Value>
			<Value ColumnRef="name">
				<SimpleValue>Exempt based on article 143, section 1 (i) of Council Directive 2006/112/EC</SimpleValue>
			</Value>
		</Row>
		<Row>
			<Value ColumnRef="code">
				<SimpleValue>VATEX-EU-143-1J</SimpleValue>
			</Value>
			<Value ColumnRef="name">
				<SimpleValue>Exempt based on article 143, section 1 (j) of Council Directive 2006/112/EC</SimpleValue>
			</Value>
		</Row>
		<Row>
			<Value ColumnRef="code">
				<SimpleValue>VATEX-EU-143-1K</SimpleValue>
			</Value>
			<Value ColumnRef="name">
				<SimpleValue>Exempt based on article 143, section 1 (k) of Council Directive 2006/112/EC</SimpleValue>
			</Value>
		</Row>
		<Row>
			<Value ColumnRef="code">
				<SimpleValue>VATEX-EU-143-1L</SimpleValue>
			</Value>
			<Value ColumnRef="name">
				<SimpleValue>Exempt based on article 143, section 1 (l) of Council Directive 2006/112/EC</SimpleValue>
			</Value>
		</Row>
		<Row>
			<Value ColumnRef="code">
				<SimpleValue>VATEX-EU-148</SimpleValue>
			</Value>
			<Value ColumnRef="name">
				<SimpleValue>Exempt based on article 148 of Council Directive 2006/112/EC</SimpleValue>
			</Value>
		</Row>
		<Row>
			<Value ColumnRef="code">
				<SimpleValue>VATEX-EU-148-A</SimpleValue>
			</Value>
			<Value ColumnRef="name">
				<SimpleValue>Exempt based on article 148, section (a) of Council Directive 2006/112/EC</SimpleValue>
			</Value>
		</Row>
		<Row>
			<Value ColumnRef="code">
				<SimpleValue>VATEX-EU-148-B</SimpleValue>
			</Value>
			<Value ColumnRef="name">
				<SimpleValue>Exempt based on article 148, section (b) of Council Directive 2006/112/EC</SimpleValue>
			</Value>
		</Row>
		<Row>
			<Value ColumnRef="code">
				<SimpleValue>VATEX-EU-148-C</SimpleValue>
			</Value>
			<Value ColumnRef="name">
				<SimpleValue>Exempt based on article 148, section (c) of Council Directive 2006/112/EC</SimpleValue>
			</Value>
		</Row>
		<Row>
			<Value ColumnRef="code">
				<SimpleValue>VATEX-EU-148-D</SimpleValue>
			</Value>
			<Value ColumnRef="name">
				<SimpleValue>Exempt based on article 148, section (d) of Council Directive 2006/112/EC</SimpleValue>
			</Value>
		</Row>
		<Row>
			<Value ColumnRef="code">
				<SimpleValue>VATEX-EU-148-E</SimpleValue>
			</Value>
			<Value ColumnRef="name">
				<SimpleValue>Exempt based on article 148, section (e) of Council Directive 2006/112/EC</SimpleValue>
			</Value>
		</Row>
		<Row>
			<Value ColumnRef="code">
				<SimpleValue>VATEX-EU-148-F</SimpleValue>
			</Value>
			<Value ColumnRef="name">
				<SimpleValue>Exempt based on article 148, section (f) of Council Directive 2006/112/EC</SimpleValue>
			</Value>
		</Row>
		<Row>
			<Value ColumnRef="code">
				<SimpleValue>VATEX-EU-148-G</SimpleValue>
			</Value>
			<Value ColumnRef="name">
				<SimpleValue>Exempt based on article 148, section (g) of Council Directive 2006/112/EC</SimpleValue>
			</Value>
		</Row>
		<Row>
			<Value ColumnRef="code">
				<SimpleValue>VATEX-EU-151</SimpleValue>
			</Value>
			<Value ColumnRef="name">
				<SimpleValue>Exempt based on article 151 of Council Directive 2006/112/EC</SimpleValue>
			</Value>
		</Row>
		<Row>
			<Value ColumnRef="code">
				<SimpleValue>VATEX-EU-151-1A</SimpleValue>
			</Value>
			<Value ColumnRef="name">
				<SimpleValue>Exempt based on article 151, section 1 (a) of Council Directive 2006/112/EC</SimpleValue>
			</Value>
		</Row>
		<Row>
			<Value ColumnRef="code">
				<SimpleValue>VATEX-EU-151-1AA</SimpleValue>
			</Value>
			<Value ColumnRef="name">
				<SimpleValue>Exempt based on article 151, section 1 (aa) of Council Directive 2006/112/EC</SimpleValue>
			</Value>
		</Row>
		<Row>
			<Value ColumnRef="code">
				<SimpleValue>VATEX-EU-151-1B</SimpleValue>
			</Value>
			<Value ColumnRef="name">
				<SimpleValue>Exempt based on article 151, section 1 (b) of Council Directive 2006/112/EC</SimpleValue>
			</Value>
		</Row>
		<Row>
			<Value ColumnRef="code">
				<SimpleValue>VATEX-EU-151-1C</SimpleValue>
			</Value>
			<Value ColumnRef="name">
				<SimpleValue>Exempt based on article 151, section 1 (c) of Council Directive 2006/112/EC</SimpleValue>
			</Value>
		</Row>
		<Row>
			<Value ColumnRef="code">
				<SimpleValue>VATEX-EU-151-1D</SimpleValue>
			</Value>
			<Value ColumnRef="name">
				<SimpleValue>Exempt based on article 151, section 1 (d) of Council Directive 2006/112/EC</SimpleValue>
			</Value>
		</Row>
		<Row>
			<Value ColumnRef="code">
				<SimpleValue>VATEX-EU-151-1E</SimpleValue>
			</Value>
			<Value ColumnRef="name">
				<SimpleValue>Exempt based on article 151, section 1 (e) of Council Directive 2006/112/EC</SimpleValue>
			</Value>
		</Row>
		<Row>
			<Value ColumnRef="code">
				<SimpleValue>VATEX-EU-309</SimpleValue>
			</Value>
			<Value ColumnRef="name">
				<SimpleValue>Exempt based on article 309 of Council Directive 2006/112/EC</SimpleValue>
			</Value>
		</Row>
		<Row>
			<Value ColumnRef="code">
				<SimpleValue>VATEX-EU-AE</SimpleValue>
			</Value>
			<Value ColumnRef="name">
				<SimpleValue>Reverse charge</SimpleValue>
			</Value>
		</Row>
		<Row>
			<Value ColumnRef="code">
				<SimpleValue>VATEX-EU-D</SimpleValue>
			</Value>
			<Value ColumnRef="name">
				<SimpleValue>Intra-Community acquisition from second hand means of transport</SimpleValue>
			</Value>
		</Row>
		<Row>
			<Value ColumnRef="code">
				<SimpleValue>VATEX-EU-F</SimpleValue>
			</Value>
			<Value ColumnRef="name">
				<SimpleValue>Intra-Community acquisition of second hand goods</SimpleValue>
			</Value>
		</Row>
		<Row>
			<Value ColumnRef="code">
				<SimpleValue>VATEX-EU-G</SimpleValue>
			</Value>
			<Value ColumnRef="name">
				<SimpleValue>Export outside the EU</SimpleValue>
			</Value>
		</Row>
		<Row>
			<Value ColumnRef="code">
				<SimpleValue>VATEX-EU-I</SimpleValue>
			</Value>
			<Value ColumnRef="name">
				<SimpleValue>Intra-Community acquisition of works of art</SimpleValue>
			</Value>
		</Row>
		<Row>
			<Value ColumnRef="code">
				<SimpleValue>VATEX-EU-IC</SimpleValue>
			</Value>
			<Value ColumnRef="name">
				<SimpleValue>Intra-Community supply</SimpleValue>
			</Value>
		</Row>
		<Row>
			<Value ColumnRef="code">
				<SimpleValue>VATEX-EU-O</SimpleValue>
			</Value>
			<Value ColumnRef="name">
				<SimpleValue>Not subject to VAT</SimpleValue>
			</Value>
		</Row>
		<Row>
			<Value ColumnRef="code">
				<SimpleValue>VATEX-EU-J</SimpleValue>
			</Value>
			<Value ColumnRef="name">
				<SimpleValue>Intra-Community acquisition of collectors items and antiques</SimpleValue>
			</Value>
		</Row>
	</SimpleCodeList>
</CodeList>
