<?xml version="1.0" encoding="UTF-8" standalone="yes"?>
<CodeList xmlns:xsi="http://www.w3.org/2001/XMLSchema-instance">
	<Identification xmlns="">
		<ShortName>InvoiceBaseType</ShortName>
		<Version></Version>
		<CanonicalUri></CanonicalUri>
		<CanonicalVersionUri></CanonicalVersionUri>
	</Identification>
	<ColumnSet xmlns="">
		<Column Id="code" Use="required">
			<ShortName>Code</ShortName>
			<Data Type="string"/>
		</Column>
		<Column Id="name" Use="optional">
			<ShortName>Name</ShortName>
			<Data Type="string"/>
		</Column>
		<Key Id="codeKey">
			<ShortName>CodeKey</ShortName>
			<ColumnRef Ref="code"/>
		</Key>
	</ColumnSet>
	<SimpleCodeList xmlns="">
		<Row>
			<Annotation>
				<Description xml:lang="en"/>
			</Annotation>
			<Value ColumnRef="code">
				<SimpleValue>Invoice</SimpleValue>
			</Value>
			<Value ColumnRef="name">
				<SimpleValue>FAKTURA</SimpleValue>
			</Value>
		</Row>
		<Row>
			<Annotation>
				<Description xml:lang="en"/>
			</Annotation>
			<Value ColumnRef="code">
				<SimpleValue>NOTA KREDYTOWA</SimpleValue>
			</Value>
			<Value ColumnRef="name">
				<SimpleValue>NOTA KREDYTOWA</SimpleValue>
			</Value>
		</Row>

	</SimpleCodeList>
</CodeList>
