<?xml version="1.0" encoding="UTF-8" standalone="yes"?>
<CodeList xmlns="http://docs.oasis-open.org/codelist/ns/genericode/1.0/">
	<Identification>
		<ShortName>InvoiceBaseType</ShortName>
		<Version/>
		<CanonicalUri/>
		<CanonicalVersionUri/>
	</Identification>
	<ColumnSet>
		<Column Id="code" Use="required">
			<ShortName>Code</ShortName>
			<Data Type="string"/>
		</Column>
		<Column Id="name" Use="optional">
			<ShortName>Name</ShortName>
			<Data Type="string"/>
		</Column>
		<Key Id="codeKey">
			<ShortName>CodeKey</ShortName>
			<ColumnRef Ref="code"/>
		</Key>
	</ColumnSet>
	<SimpleCodeList>
		<Row>
			<Value ColumnRef="code">
				<SimpleValue>Invoice</SimpleValue>
			</Value>
			<Value ColumnRef="name">
				<SimpleValue>Commercial Invoice</SimpleValue>
			</Value>
		</Row>
		<Row>
			<Value ColumnRef="code">
				<SimpleValue>CreditNote</SimpleValue>
			</Value>
			<Value ColumnRef="name">
				<SimpleValue>Credit note</SimpleValue>
			</Value>
		</Row>
	</SimpleCodeList>
</CodeList>
