<?xml version="1.0" encoding="UTF-8" standalone="yes"?>
<CodeList xmlns="http://docs.oasis-open.org/codelist/ns/genericode/1.0/">
	<Identification>
		<ShortName>UNCL5189</ShortName>
		<Version></Version>
		<CanonicalUri></CanonicalUri>
		<CanonicalVersionUri></CanonicalVersionUri>
	</Identification>
	<ColumnSet>
		<Column Id="code" Use="required">
			<ShortName>Code</ShortName>
			<Data Type="string"/>
		</Column>
		<Column Id="name" Use="optional">
			<ShortName>Name</ShortName>
			<Data Type="string"/>
		</Column>
		<Key Id="codeKey">
			<ShortName>CodeKey</ShortName>
			<ColumnRef Ref="code"/>
		</Key>
	</ColumnSet>
	<SimpleCodeList>
		<Row>
			
			<Value ColumnRef="code">
				<SimpleValue>41</SimpleValue>
			</Value>
			<Value ColumnRef="name">
				<SimpleValue>Bonus for works ahead of schedule</SimpleValue>
			</Value>
		</Row>
		<Row>
			
			<Value ColumnRef="code">
				<SimpleValue>42</SimpleValue>
			</Value>
			<Value ColumnRef="name">
				<SimpleValue>Other bonus</SimpleValue>
			</Value>
		</Row>
		<Row>
			
			<Value ColumnRef="code">
				<SimpleValue>60</SimpleValue>
			</Value>
			<Value ColumnRef="name">
				<SimpleValue>Manufacturer’s consumer discount</SimpleValue>
			</Value>
		</Row>
		<Row>
			
			<Value ColumnRef="code">
				<SimpleValue>62</SimpleValue>
			</Value>
			<Value ColumnRef="name">
				<SimpleValue>Due to military status</SimpleValue>
			</Value>
		</Row>
		<Row>
			
			<Value ColumnRef="code">
				<SimpleValue>63</SimpleValue>
			</Value>
			<Value ColumnRef="name">
				<SimpleValue>Due to work accident</SimpleValue>
			</Value>
		</Row>
		<Row>
			
			<Value ColumnRef="code">
				<SimpleValue>64</SimpleValue>
			</Value>
			<Value ColumnRef="name">
				<SimpleValue>Special agreement</SimpleValue>
			</Value>
		</Row>
		<Row>
			
			<Value ColumnRef="code">
				<SimpleValue>65</SimpleValue>
			</Value>
			<Value ColumnRef="name">
				<SimpleValue>Production error discount</SimpleValue>
			</Value>
		</Row>
		<Row>
			
			<Value ColumnRef="code">
				<SimpleValue>66</SimpleValue>
			</Value>
			<Value ColumnRef="name">
				<SimpleValue>New outlet discount</SimpleValue>
			</Value>
		</Row>
		<Row>
			
			<Value ColumnRef="code">
				<SimpleValue>67</SimpleValue>
			</Value>
			<Value ColumnRef="name">
				<SimpleValue>Sample discount</SimpleValue>
			</Value>
		</Row>
		<Row>
			
			<Value ColumnRef="code">
				<SimpleValue>68</SimpleValue>
			</Value>
			<Value ColumnRef="name">
				<SimpleValue>End-of-range discount</SimpleValue>
			</Value>
		</Row>
		<Row>
			
			<Value ColumnRef="code">
				<SimpleValue>70</SimpleValue>
			</Value>
			<Value ColumnRef="name">
				<SimpleValue>Incoterm discount</SimpleValue>
			</Value>
		</Row>
		<Row>
			
			<Value ColumnRef="code">
				<SimpleValue>71</SimpleValue>
			</Value>
			<Value ColumnRef="name">
				<SimpleValue>Point of sales threshold allowance</SimpleValue>
			</Value>
		</Row>
		<Row>
			
			<Value ColumnRef="code">
				<SimpleValue>88</SimpleValue>
			</Value>
			<Value ColumnRef="name">
				<SimpleValue>Material surcharge/deduction</SimpleValue>
			</Value>
		</Row>
		<Row>
			
			<Value ColumnRef="code">
				<SimpleValue>95</SimpleValue>
			</Value>
			<Value ColumnRef="name">
				<SimpleValue>Discount</SimpleValue>
			</Value>
		</Row>
		<Row>
			
			<Value ColumnRef="code">
				<SimpleValue>100</SimpleValue>
			</Value>
			<Value ColumnRef="name">
				<SimpleValue>Special rebate</SimpleValue>
			</Value>
		</Row>
		<Row>
			
			<Value ColumnRef="code">
				<SimpleValue>102</SimpleValue>
			</Value>
			<Value ColumnRef="name">
				<SimpleValue>Fixed long term</SimpleValue>
			</Value>
		</Row>
		<Row>
			
			<Value ColumnRef="code">
				<SimpleValue>103</SimpleValue>
			</Value>
			<Value ColumnRef="name">
				<SimpleValue>Temporary</SimpleValue>
			</Value>
		</Row>
		<Row>
			
			<Value ColumnRef="code">
				<SimpleValue>104</SimpleValue>
			</Value>
			<Value ColumnRef="name">
				<SimpleValue>Standard</SimpleValue>
			</Value>
		</Row>
		<Row>
			
			<Value ColumnRef="code">
				<SimpleValue>105</SimpleValue>
			</Value>
			<Value ColumnRef="name">
				<SimpleValue>Yearly turnover</SimpleValue>
			</Value>
		</Row>
	</SimpleCodeList>
</CodeList>
