<?xml version="1.0" encoding="UTF-8" standalone="yes"?>
<CodeList xmlns:xsi="http://www.w3.org/2001/XMLSchema-instance">
	<Identification xmlns="">
		<ShortName>InvoiceBaseType</ShortName>
		<Version></Version>
		<CanonicalUri></CanonicalUri>
		<CanonicalVersionUri></CanonicalVersionUri>
	</Identification>
	<ColumnSet xmlns="">
		<Column Id="code" Use="required">
			<ShortName>Code</ShortName>
			<Data Type="string"/>
		</Column>
		<Column Id="name" Use="optional">
			<ShortName>Name</ShortName>
			<Data Type="string"/>
		</Column>
		<Key Id="codeKey">
			<ShortName>CodeKey</ShortName>
			<ColumnRef Ref="code"/>
		</Key>
	</ColumnSet>
	<SimpleCodeList xmlns="">
		<Row>
			<Annotation>
				<Description xml:lang="se"/>
			</Annotation>
			<Value ColumnRef="code">
				<SimpleValue>CC</SimpleValue>
			</Value>
			<Value ColumnRef="name">
				<SimpleValue>Industry commodity code</SimpleValue>
			</Value>
		</Row>
		<Row>
			<Annotation>
				<Description xml:lang="se"/>
			</Annotation>
			<Value ColumnRef="code">
				<SimpleValue>EF</SimpleValue>
			</Value>
			<Value ColumnRef="name">
				<SimpleValue>Material code</SimpleValue>
			</Value>
		</Row>
		<Row>
			<Annotation>
				<Description xml:lang="se"/>
			</Annotation>
			<Value ColumnRef="code">
				<SimpleValue>GB</SimpleValue>
			</Value>
			<Value ColumnRef="name">
				<SimpleValue>Buyer's internal product group code</SimpleValue>
			</Value>
		</Row>
		<Row>
			<Annotation>
				<Description xml:lang="se"/>
			</Annotation>
			<Value ColumnRef="code">
				<SimpleValue>HS</SimpleValue>
			</Value>
			<Value ColumnRef="name">
				<SimpleValue>Harmonised system/INTRASTAT</SimpleValue>
			</Value>
		</Row>
		
		<Row>
			<Annotation>
				<Description xml:lang="se"/>
			</Annotation>
			<Value ColumnRef="code">
				<SimpleValue>MP</SimpleValue>
			</Value>
			<Value ColumnRef="name">
				<SimpleValue>Product/service identification number/ UNSPSC</SimpleValue>
			</Value>
		</Row>
		
		<Row>
			<Annotation>
				<Description xml:lang="se"/>
			</Annotation>
			<Value ColumnRef="code">
				<SimpleValue>SSO</SimpleValue>
			</Value>
			<Value ColumnRef="name">
				<SimpleValue>UN Dangerous Goods List</SimpleValue>
			</Value>
		</Row>
		
		<Row>
			<Annotation>
				<Description xml:lang="se"/>
			</Annotation>
			<Value ColumnRef="code">
				<SimpleValue>STI</SimpleValue>
			</Value>
			<Value ColumnRef="name">
				<SimpleValue>CPV</SimpleValue>
			</Value>
		</Row>
		
		<Row>
			<Annotation>
				<Description xml:lang="se"/>
			</Annotation>
			<Value ColumnRef="code">
				<SimpleValue>STQ</SimpleValue>
			</Value>
			<Value ColumnRef="name">
				<SimpleValue>eCl@ss</SimpleValue>
			</Value>
		</Row>
		
		<Row>
			<Annotation>
				<Description xml:lang="se"/>
			</Annotation>
			<Value ColumnRef="code">
				<SimpleValue>TSP</SimpleValue>
			</Value>
			<Value ColumnRef="name">
				<SimpleValue>EU Combined Nomenclature</SimpleValue>
			</Value>
		</Row>
		
		<Row>
			<Annotation>
				<Description xml:lang="se"/>
			</Annotation>
			<Value ColumnRef="code">
				<SimpleValue>ZZZ</SimpleValue>
			</Value>
			<Value ColumnRef="name">
				<SimpleValue>Mutually defined</SimpleValue>
			</Value>
		</Row>
		
		
	</SimpleCodeList>
</CodeList>
