<?xml version="1.0" encoding="UTF-8" standalone="yes"?>
<CodeList xmlns="http://docs.oasis-open.org/codelist/ns/genericode/1.0/">
	<Identification>
		<ShortName>UNCL1001</ShortName>
		<Version></Version>
		<CanonicalUri></CanonicalUri>
		<CanonicalVersionUri></CanonicalVersionUri>
	</Identification>
	<ColumnSet>
		<Column Id="code" Use="required">
			<ShortName>Code</ShortName>
			<Data Type="string"/>
		</Column>
		<Column Id="name" Use="optional">
			<ShortName>Name</ShortName>
			<Data Type="string"/>
		</Column>
		<Key Id="codeKey">
			<ShortName>CodeKey</ShortName>
			<ColumnRef Ref="code"/>
		</Key>
	</ColumnSet>
	<SimpleCodeList>
		<Row>
			
			<Value ColumnRef="code">
				<SimpleValue>80</SimpleValue>
			</Value>
			<Value ColumnRef="name">
				<SimpleValue>Debitering varor/tjänster</SimpleValue>
			</Value>
		</Row>
		<Row>
			
			<Value ColumnRef="code">
				<SimpleValue>82</SimpleValue>
			</Value>
			<Value ColumnRef="name">
				<SimpleValue>Mätarbaserade tjänster</SimpleValue>
			</Value>
		</Row>
		<Row>
			
			<Value ColumnRef="code">
				<SimpleValue>84</SimpleValue>
			</Value>
			<Value ColumnRef="name">
				<SimpleValue>DDebitering finansiella tjänster</SimpleValue>
			</Value>
		</Row>
		<Row>
			
			<Value ColumnRef="code">
				<SimpleValue>380</SimpleValue>
			</Value>
			<Value ColumnRef="name">
				<SimpleValue>Faktura</SimpleValue>
			</Value>
		</Row>
		<Row>
			
			<Value ColumnRef="code">
				<SimpleValue>383</SimpleValue>
			</Value>
			<Value ColumnRef="name">
				<SimpleValue>Debitiering</SimpleValue>
			</Value>
		</Row>
		<Row>
			
			<Value ColumnRef="code">
				<SimpleValue>386</SimpleValue>
			</Value>
			<Value ColumnRef="name">
				<SimpleValue>Förskottsbetalning</SimpleValue>
			</Value>
		</Row>
		<Row>
			
			<Value ColumnRef="code">
				<SimpleValue>393</SimpleValue>
			</Value>
			<Value ColumnRef="name">
				<SimpleValue>Hanterad via factoringtjänst</SimpleValue>
			</Value>
		</Row>
		<Row>
			
			<Value ColumnRef="code">
				<SimpleValue>395</SimpleValue>
			</Value>
			<Value ColumnRef="name">
				<SimpleValue>Konsignationsförsäljning</SimpleValue>
			</Value>
		</Row>
		<Row>
			
			<Value ColumnRef="code">
				<SimpleValue>575</SimpleValue>
			</Value>
			<Value ColumnRef="name">
				<SimpleValue>Försäkringstjänster</SimpleValue>
			</Value>
		</Row>
		<Row>
			
			<Value ColumnRef="code">
				<SimpleValue>623</SimpleValue>
			</Value>
			<Value ColumnRef="name">
				<SimpleValue>Speditionstjänster</SimpleValue>
			</Value>
		</Row>
		<Row>
			
			<Value ColumnRef="code">
				<SimpleValue>780</SimpleValue>
			</Value>
			<Value ColumnRef="name">
				<SimpleValue>Frakträkning</SimpleValue>
			</Value>
		</Row>
		<Row>
			
			<Value ColumnRef="code">
				<SimpleValue>81</SimpleValue>
			</Value>
			<Value ColumnRef="name">
				<SimpleValue>Kreditering varor/tjänster</SimpleValue>
			</Value>
		</Row>
		<Row>
			
			<Value ColumnRef="code">
				<SimpleValue>83</SimpleValue>
			</Value>
			<Value ColumnRef="name">
				<SimpleValue>Kreditering finansiella tjänster</SimpleValue>
			</Value>
		</Row>
		<Row>
			
			<Value ColumnRef="code">
				<SimpleValue>381</SimpleValue>
			</Value>
			<Value ColumnRef="name">
				<SimpleValue>Kreditnota</SimpleValue>
			</Value>
		</Row>
		<Row>
			
			<Value ColumnRef="code">
				<SimpleValue>396</SimpleValue>
			</Value>
			<Value ColumnRef="name">
				<SimpleValue>Hanterad via factoringtjänst</SimpleValue>
			</Value>
		</Row>
		<Row>
			
			<Value ColumnRef="code">
				<SimpleValue>532</SimpleValue>
			</Value>
			<Value ColumnRef="name">
				<SimpleValue>Kreditering speditionstjänster</SimpleValue>
			</Value>
		</Row>
	</SimpleCodeList>
</CodeList>
